column_name;colum_name_renamed
ID_BENEFICIARIO;ID_BENEFICIARIO
ID_BENEFICIARIO_RESP;ID_BENEFICIARIO_RESP
ID_CONTRATANTE;ID_CONTRATANTE
ID_CONTRATANTE_LOT;ID_CONTRATANTE_LOT
ID_FAMILIA;ID_FAMILIA
ID_MOTIVO_CANC;ID_MOTIVO_CANC
ID_PLANO;ID_PLANO
ID_RESP_FINANCEIRO;ID_RESP_FINANCEIRO
BAIRRO;BAIRRO
BENEFICIARIO;BENEFICIARIO
CBO;CBO
CEP;CEP
CIDADE;CIDADE
COD_BENEFICIARIO_ANS;COD_BENEFICIARIO_ANS
COD_PAIS_RG_ANS;COD_PAIS_RG_ANS
CODIGO_BENEFICIARIO;CODIGO_BENEFICIARIO
CODIGO_ORIGEM;CODIGO_ORIGEM
CODIGO_FAMILIA;CODIGO_FAMILIA
COD_GRAU_DEPEND_ANS;COD_GRAU_DEPEND_ANS
CODIGO_PLANO;CODIGO_PLANO
CODIGO_UNI_PAG;CODIGO_UNI_PAG
COMPLEMENTO;COMPLEMENTO
CONTRATANTE;CONTRATANTE
CONVENIO;CONVENIO
CPF_BENEFICIARIO;CPF_BENEFICIARIO
CPT;CPT
DATA_INGRESSO;DATA_INGRESSO
DATA_ADESAO;DATA_ADESAO
DATA_ADESAO_CONTRATO;DATA_ADESAO_CONTRATO
DATA_ADESAO_FAMILIA;DATA_ADESAO_FAMILIA
DATA_CANCELAMENTO;DATA_CANCELAMENTO
DATA_CANC_CONTRATO;DATA_CANC_CONTRATO
DATA_EXPED_RG;DATA_EXPED_RG
DATA_NASCIMENTO;DATA_NASCIMENTO
DATA_PRIMEIRA_ADESAO;DATA_PRIMEIRA_ADESAO
DATA_REATIVACAO;DATA_REATIVACAO
DATA_VALID_CARTEIRA;DATA_VALID_CARTEIRA
DATA_GERAC_CARTEIRA;DATA_GERAC_CARTEIRA
DATA_EMISS_CARTEIRA;DATA_EMISS_CARTEIRA
DDD;DDD
EMAIL;EMAIL
ENDERECO;ENDERECO
ESTADO_CIVIL;ESTADO_CIVIL
NUM_PROPOSTA_FAMILIA;NUM_PROPOSTA_FAMILIA
INTERCAMBIO;INTERCAMBIO
SITUACAO_FAMILIA;SITUACAO_FAMILIA
TIPO_RESPONSAVEL;TIPO_RESPONSAVEL
LOTACAO;LOTACAO
MATRICULA_UNICA;MATRICULA_UNICA
MATRIC_BEN_EMPRESA;MATRIC_BEN_EMPRESA
MOTIVO_CANC;MOTIVO_CANC
MOTIVO_INCLUSAO;MOTIVO_INCLUSAO
NACIONALIDADE;NACIONALIDADE
NOME_MAE;NOME_MAE
NUMERO;NUMERO
ORGAO_EMISSOR_RG;ORGAO_EMISSOR_RG
PAIS_RG;PAIS_RG
PISPASEP;PISPASEP
RG_BENEFICIARIO;RG_BENEFICIARIO
SEQUENCIA;SEQUENCIA
SEXO;SEXO
TELEFONE;TELEFONE
CELULAR;CELULAR
TIPO_BENEFICIARIO;TIPO_BENEFICIARIO
TIPO_DEPENDENTE;TIPO_DEPENDENTE
UF;UF
UF_RG;UF_RG
UNI_ORIGEM;UNI_ORIGEM
UNI_DESTINO;UNI_DESTINO
UNI_ORIGEM_RAZAOSOCIAL;UNI_ORIGEM_RAZAOSOCIAL
UNI_DESTINO_RAZAOSOCIAL;UNI_DESTINO_RAZAOSOCIAL
CODIGO_AFINIDADE;CODIGO_AFINIDADE
TIPO_FATURAMENTO_REP;TIPO_FATURAMENTO_REP
UF_UNI_ORIGEM;UF_UNI_ORIGEM
UNI_ORIGEM_CAMARA_COMPENSACAO;UNI_ORIGEM_CAMARA_COMPENSACAO
UNI_ORIGEM_DESC_POLITICA;UNI_ORIGEM_DESC_POLITICA
UNI_ORIGEM_TIPO_CAMARA_COMP;UNI_ORIGEM_TIPO_CAMARA_COMP
DNV;DNV
DATA_CANCELAMENTO_FAMILIA;DATA_CANCELAMENTO_FAMILIA
DATA_INICIO_REPASSE;DATA_INICIO_REPASSE
DATA_FINAL_REPASSE;DATA_FINAL_REPASSE
DATA_INICIO_INAT_FAMILIA;DATA_INICIO_INAT_FAMILIA
DIA_COBRANCA;DIA_COBRANCA
CARTAO_NACIONAL_SAUDE;CARTAO_NACIONAL_SAUDE
CCO;CCO
CCO_DV;CCO_DV
CODIGO_IBGE;CODIGO_IBGE
DATA_VENDA_FAMILIA;DATA_VENDA_FAMILIA
ANOTACAO_ADM_FAMILIA;ANOTACAO_ADM_FAMILIA
DATA_PRIM_ADESAO_BENEF;DATA_PRIM_ADESAO_BENEF
POSSUI_BIOMETRIA;POSSUI_BIOMETRIA
DATA_INICIAL_TETO_COBRANCA;DATA_INICIAL_TETO_COBRANCA
DATA_FINAL_TETO_COBRANCA;DATA_FINAL_TETO_COBRANCA
VALOR_TETO_COBRANCA;VALOR_TETO_COBRANCA
TIPO_CARTAO;TIPO_CARTAO
BLOQUEAR_RECAD_BIO_AUT_WEB;BLOQUEAR_RECAD_BIO_AUT_WEB
TELEFONE1_CORRESP;TELEFONE1_CORRESP
TELEFONE2_CORRESP;TELEFONE2_CORRESP
CELULAR_CORRESP;CELULAR_CORRESP
ENDERECO_CORRESP;ENDERECO_CORRESP
NUMERO_CORRESP;NUMERO_CORRESP
COMPLEMENTO_CORRESP;COMPLEMENTO_CORRESP
BAIRRO_CORRESP;BAIRRO_CORRESP
CEP_CORRESP;CEP_CORRESP
CIDADE_CORRESP;CIDADE_CORRESP
UF_CORRESP;UF_CORRESP
TELEFONE2;TELEFONE2
SETOR_UNIMED;SETOR_UNIMED
COBRANCA_MES_SEGUINTE;COBRANCA_MES_SEGUINTE
DW_INC;DW_INC
DW_ALT;DW_ALT
SOFREU_ADAPTACAO;SOFREU_ADAPTACAO
DATA_ADAPTACAO;DATA_ADAPTACAO
IDADE_ADAPTACAO;IDADE_ADAPTACAO
NAO_TEM_CARENCIA;NAO_TEM_CARENCIA
DIAS_COMPRA_CARENCIA;DIAS_COMPRA_CARENCIA
ORIGEM_CARENCIA;ORIGEM_CARENCIA
IDADE_MAXIMA;IDADE_MAXIMA
DATA_INCLUSAO_FAMILIA;DATA_INCLUSAO_FAMILIA
USUARIO_INCLUSAO_FAMILIA;USUARIO_INCLUSAO_FAMILIA
UNIMED_EM_CASA;UNIMED_EM_CASA
BEM_ESTAR_E_SAUDE;BEM_ESTAR_E_SAUDE
SITUACAO_ATUALIZACAO_DADOS;SITUACAO_ATUALIZACAO_DADOS
DV_CARTAO_BENEF;DV_CARTAO_BENEF
K_EMAIL_ZENITE;K_EMAIL_ZENITE
K_TELEFONE1_ZENITE;K_TELEFONE1_ZENITE
K_TELEFONE2_ZENITE;K_TELEFONE2_ZENITE
K_EMAIL_IRIS;K_EMAIL_IRIS
K_EMAIL_IW;K_EMAIL_IW
K_TELEFONE1_IW;K_TELEFONE1_IW
K_TELEFONE2_IW;K_TELEFONE2_IW
K_TELEFONE3_IW;K_TELEFONE3_IW
K_TELEFONE4_IW;K_TELEFONE4_IW
K_EMAIL_SAC;K_EMAIL_SAC
K_TELEFONE_RES_SAC;K_TELEFONE_RES_SAC
K_TELEFONE_CONTATO_SAC;K_TELEFONE_CONTATO_SAC
K_TELEFONE_CELULAR_SAC;K_TELEFONE_CELULAR_SAC
DATA_ULTIMA_ATU_CADASTRAL;DATA_ULTIMA_ATU_CADASTRAL
DATA_ULTIMO_REAJUSTE_FAMILIA;DATA_ULTIMO_REAJUSTE_FAMILIA
ORIGEM;ORIGEM
DATA_FALECIMENTO;DATA_FALECIMENTO
DATA_ATENDIMENTO_ATE;DATA_ATENDIMENTO_ATE
DATA_INICIAL_VALIDADE;DATA_INICIAL_VALIDADE
DATA_FINAL_VALIDADE;DATA_FINAL_VALIDADE
SITUACAO_CARTAO;SITUACAO_CARTAO
VALOR_FATURADO;VALOR_FATURADO
NUMERO_FATURA;NUMERO_FATURA
VIA_CARTAO;VIA_CARTAO
DESCRICAO_ROTINA_CARTAO;DESCRICAO_ROTINA_CARTAO